"","plot_id","foliar_n","ind"
"1","OSBS_001",1.83905012650397,3
"2","OSBS_002",0.531328550452703,5
"3","OSBS_008",0.3564867464686,5
"4","OSBS_009",3.26005553548257,6
"5","OSBS_010",1.1186960636495,5
"6","OSBS_011",1.06374033925266,13
"7","OSBS_015",0.582408273134058,15
